WOT-DATA,2
{{EN}},"Full tank names, original – like in the game."
{{RU}},"Полные названия танков, оригинал – как в игре."
china-Ch01_Type59,Type 59,#1167
china-Ch01_Type59_Gold,Type 59 G,#1167
china-Ch02_Type62,Type 62,#1167
china-Ch03_WZ_111_A,WZ-111 Alpine Tiger,#1167
china-Ch03_WZ-111,WZ-111,#1167
china-Ch04_T34_1,T-34-1,#1167
china-Ch04_T34_1_training,T-34-1,#1167
china-Ch05_T34_2,T-34-2,#1167
china-Ch06_Renault_NC31,Renault NC-31,#1167
china-Ch06_Renault_NC31_bot,Renault NC-31,#1167
china-Ch07_Vickers_MkE_Type_BT26,Vickers Mk. E Type B,#1167
china-Ch08_Type97_Chi_Ha,Type 2597 Chi-Ha,#1167
china-Ch08_Type97_Chi_Ha_bootcamp,Type 2597 Chi-Ha,#1167
china-Ch09_M5,M5A1 Stuart,#1167
china-Ch10_IS2,IS-2,#1167
china-Ch11_110,110,#1167
china-Ch11_110_IGR,110,#1167
china-Ch12_111_1_2_3,WZ-111 model 1-4,#1167
china-Ch12_111_1_2_3_FL,WZ-111 model 1-4 FL,#1167
china-Ch14_T34_3,T-34-3,#1167
china-Ch15_59_16,59-16,#1167
china-Ch16_WZ_131,WZ-131,#1167
china-Ch17_WZ131_1_WZ132,WZ-132,#1167
china-Ch17_WZ131_1_WZ132_IGR,WZ-132,#1167
china-Ch18_WZ-120,WZ-120,#1167
china-Ch19_121,121,#1167
china-Ch19_121_IGR,121,#1167
china-Ch20_Type58,Type 58,#1167
china-Ch20_Type58_bootcamp,Type 58,#1167
china-Ch21_T34,Type T-34,#1167
china-Ch22_113,113,#1167
china-Ch22_113_Beijing_Opera,113 Beijing Opera,#1167
china-Ch22_113P,113,#1167
china-Ch23_112,112,#1167
china-Ch23_112_FL,112 FL,#1167
china-Ch24_Type64,Type 64,#1167
china-Ch25_121_mod_1971B,121B,#1167
china-Ch26_59_Patton,59-Patton,#1167
china-Ch28_WZ_132A,WZ-132A,#1167
china-Ch29_Type_62C_prot,WZ-132-1,#1167
china-Ch30_T-26G_FT,T-26G FT,#1167
china-Ch31_M3G_FT,M3G FT,#1167
china-Ch32_SU-76G_FT,SU-76G FT,#1167
china-Ch33_60G_FT,60G FT,#1167
china-Ch34_WZ131G_FT,WZ-131G FT,#1167
china-Ch35_T-34-2G_FT,T-34-2G FT,#1167
china-Ch36_WZ111_1G_FT,WZ-111-1G FT,#1167
china-Ch37_WZ111G_FT,WZ-111G FT,#1167
china-Ch38_WZ113G_FT,WZ-113G FT,#1167
china-Ch39_WZ120_1G_FT,WZ-120-1G FT,#1167
china-Ch39_WZ120_1G_FT_FL,WZ-120-1G FT FL,#1167
china-Ch40_WZ120G_FT,WZ-120G FT,#1167
china-Ch41_WZ_111_5A,WZ-111 model 5A,#1167
china-Ch41_WZ_111_5A_bob,WZ-111 model 5A BB,#1167
china-Ch41_WZ_111_QL,WZ-111 Qilin,#1167
china-Ch42_WalkerBulldog_M41D,M41D,#1167
china-Ch43_WZ_122_2,122 TM,#1167
china-Ch44_114_SP2,114 SP2,#1167
china-Ch45_WZ_114,WZ-114,#1167
china-Ch46_113_140,WZ-113-II,#1167
czech-Cz01_Skoda_T40,Škoda T 40,#1167
czech-Cz02_TVP_T50,Škoda T 50,#1167
czech-Cz03_LT_vz35,LT vz. 35,#1167
czech-Cz04_T50_51,TVP T 50/51,#1167
czech-Cz05_T34_100,Konštrukta T-34/100,#1167
czech-Cz06_Kolohousenka,Kolohousenka,#1167
czech-Cz07_TVP_46,TVP VTU Koncept,#1167
czech-Cz08_T_25,Škoda T 25,#1167
czech-Cz09_T_24,Škoda T 24,#1167
czech-Cz10_LT_vz38,LT vz. 38,#1167
czech-Cz11_V_8_H,ST vz. 39,#1167
czech-Cz13_T_27,Škoda T 27,#1167
czech-Cz14_Skoda_T-56,Škoda T 56,#1167
czech-Cz15_Skoda_T-45_Prem,Škoda T 45,#1167
czech-Cz16_TNH_T_vz51,TNH T Vz. 51,#1167
czech-Cz17_Vz_55,Vz. 55,#1167
czech-Cz18_TNH_105_1000,TNH 105/1000,#1167
czech-Cz19_Vz_44_1,Vz. 44-1,#1167
czech-Cz20_ShPTK_TVP_100_mm,ShPTK-TVP 100,#1167
france-F01_RenaultFT,Renault FT,#1167
france-F01_RenaultFT_bot,Renault FT,#1167
france-F02_D1,D1,#1167
france-F03_D2,D2,#1167
france-F04_B1,B1,#1167
france-F04_B1_bootcamp,B1,#1167
france-F05_BDR_G1B,BDR G1 B,#1167
france-F06_ARL_44,ARL 44,#1167
france-F07_AMX_M4_1945,AMX M4 mle. 45,#1167
france-F08_AMX_50_100,AMX 50 100,#1167
france-F08_AMX_50_100_IGR,AMX 50 100,#1167
france-F09_AMX_50_120,AMX 50 120,#1167
france-F10_AMX_50B,AMX 50 B,#1167
france-F10_AMX_50B_fallout,(R) AMX 50 B,#1167
france-F100_Panhard_EBR_90,Panhard EBR 90,#1167
france-F106_Panhard_EBR_75_Mle1954,Panhard EBR 75 (FL 10),#1167
france-F107_Hotchkiss_EBR,Hotchkiss EBR,#1167
france-F108_Panhard_EBR_105,Panhard EBR 105,#1167
france-F109_AMD_Panhard_178B,Panhard AMD 178B,#1167
france-F11_Renault_G1R,Renault G1,#1167
france-F110_Lynx_6x6,Panhard AML Lynx 6x6,#1167
france-F111_AM39_Gendron_Somua,AM 39 Gendron-Somua,#1167
france-F112_M10_RBFM,M10 RBFM,#1167
france-F113_Bretagne_Panther,Bretagne Panther,#1167
france-F114_Projet_4_1,Char Futur 4,#1167
france-F115_Lorraine_50t,Lorraine 50 t,#1167
france-F116_Bat_Chatillon_Bourrasque,Bat.-Châtillon Bourrasque,#1167
france-F117_Alt_Proto_AMX_30,AltProto AMX 30,#1167
france-F12_Hotchkiss_H35,Hotchkiss H35,#1167
france-F13_AMX38,AMX 38,#1167
france-F14_AMX40,AMX 40,#1167
france-F15_AMX_12t,AMX 12 t,#1167
france-F16_AMX_13_75,AMX 13 75,#1167
france-F17_AMX_13_90,AMX 13 90,#1167
france-F17_AMX_13_90_IGR,AMX 13 90,#1167
france-F18_Bat_Chatillon25t,Bat.-Châtillon 25 t,#1167
france-F18_Bat_Chatillon25t_IGR,Bat.-Châtillon 25 t,#1167
france-F19_Lorraine40t,Lorraine 40 t,#1167
france-F20_RenaultBS,Renault FT 75 BS,#1167
france-F21_Lorraine39_L_AM,Lorraine 39L AM,#1167
france-F22_AMX_105AM,AMX 13 105 AM mle. 50,#1167
france-F23_AMX_13F3AM,AMX 13 F3 AM,#1167
france-F23_AMX_13F3AM_MapsTraining_Dummy_SPG_2,SPG,#1167
france-F24_Lorraine155_50,Lorraine 155 mle. 50,#1167
france-F25_Lorraine155_51,Lorraine 155 mle. 51,#1167
france-F27_FCM_36Pak40,FCM 36 Pak 40,#1167
france-F28_105_leFH18B2,105 leFH18B2,#1167
france-F28_105_leFH18B2_IGR,105 leFH18B2,#1167
france-F30_RenaultFT_AC,Renault FT AC,#1167
france-F32_Somua_Sau_40,Somua SAu 40,#1167
france-F33_S_35CA,S35 CA,#1167
france-F33_S_35CA_IGR,S35 CA,#1167
france-F34_ARL_V39,ARL V39,#1167
france-F35_AMX_AC_Mle1946,AMX AC mle. 46,#1167
france-F36_AMX_AC_Mle1948,AMX AC mle. 48,#1167
france-F36_AMX_AC_Mle1948_IGR,AMX AC mle. 48,#1167
france-F37_AMX50_Foch,AMX 50 Foch,#1167
france-F38_Bat_Chatillon155_58,Bat.-Châtillon 155 58,#1167
france-F42_AMR_35,AMR 35,#1167
france-F43_AMC_35_SH,Arlequin,#1167
france-F44_Somua_S35,Somua S35,#1167
france-F49_RenaultR35,Renault R35,#1167
france-F50_FCM36_20t,FCM 36,#1167
france-F52_RenaultUE57,Renault UE 57,#1167
france-F62_ELC_AMX,AMX ELC bis,#1167
france-F62_ELC_AMX_IGR,ELC AMX,#1167
france-F64_AMX_50Fosh_155,AMX 50 Foch (155),#1167
france-F64_AMX_50Fosh_B,AMX 50 Foch B,#1167
france-F65_FCM_50t,FCM 50 t,#1167
france-F66_AMX_Ob_Am105,AMX 105 AM mle. 47,#1167
france-F67_Bat_Chatillon155_55,Bat.-Châtillon 155 55,#1167
france-F68_AMX_Chasseur_de_char_46,AMX Chasseur de chars,#1167
france-F69_AMX13_57_100,AMX 13 57,#1167
france-F69_AMX13_57_100_GrandFinal,AMX 13 57 GF,#1167
france-F70_SARL42,SARL 42,#1167
france-F71_AMX_30_prototype,AMX 30 1er prototype,#1167
france-F72_AMX_30,AMX 30 B,#1167
france-F73_M4A1_Revalorise,M4A1 Revalorisé,#1167
france-F73_M4A1_Revalorise_FL,M4A1 Revalorisé FL,#1167
france-F74_AMX_M4_1949,AMX M4 mle. 49,#1167
france-F74_AMX_M4_1949_FL,AMX M4 mle. 49 FL,#1167
france-F74_AMX_M4_1949_Liberte,AMX M4 mle. 49 Liberté,#1167
france-F75_Char_de_25t,Bat.-Châtillon 25 t AP,#1167
france-F81_Char_de_65t,AMX 65 t,#1167
france-F82_AMX_M4_Mle1949_Ter,AMX M4 mle. 54,#1167
france-F83_AMX_M4_Mle1949_Bis,AMX M4 mle. 51,#1167
france-F83_AMX_M4_Mle1949_Bis_FL,AMX M4 mle. 51 FL,#1167
france-F84_Somua_SM,Somua SM,#1167
france-F85_M4A1_FL10,M4A1 FL 10,#1167
france-F87_Batignolles-Chatillon_12t,Bat.-Châtillon 12 t,#1167
france-F88_AMX_13_105,AMX 13 105,#1167
france-F89_Canon_dassaut_de_105,AMX Canon d'assaut 105,#1167
france-F97_ELC_EVEN_90,ELC EVEN 90,#1167
france-F97_ELC_EVEN_90_FL,ELC EVEN 90 FL,#1167
germany-Env_Artillery,#germany_vehicles:Env_Artillery,#1167
germany-G00_Bomber_SH,Fireball,#1167
germany-G02_Hummel,Hummel,#1167
germany-G03_PzV_Panther,Panther,#1167
germany-G03_PzV_Panther_bootcamp,Panther,#1167
germany-G03_PzV_Panther_IGR,Panther,#1167
germany-G03_PzV_Panther_training,Panther,#1167
germany-G04_PzVI_Tiger_I,Tiger I,#1167
germany-G04_PzVI_Tiger_I_IGR,Tiger I,#1167
germany-G04_PzVI_Tiger_I_MapsTraining_Player_HT_2,Tiger I (tr.),#1167
germany-G04_PzVI_Tiger_IA,Tiger I L/56,#1167
germany-G05_StuG_40_AusfG,StuG III Ausf. G,#1167
germany-G05_StuG_40_AusfG_IGR,StuG III Ausf. G,#1167
germany-G06_PzII,Pz.Kpfw. II,#1167
germany-G06_PzII_bot,Pz.Kpfw. II,#1167
germany-G07_Pz35t,Pz.Kpfw. 35 (t),#1167
germany-G08_Pz38t,Pz.Kpfw. 38 (t),#1167
germany-G08_Pz38t_bootcamp,Pz.Kpfw. 38 (t),#1167
germany-G09_Hetzer,Jagdpanzer 38(t) Hetzer,#1167
germany-G09_Hetzer_MapsTraining_Dummy_ATSPG_1,Tank Destroyer,#1167
germany-G10_PzIII_AusfJ,Pz.Kpfw. III Ausf. J,#1167
germany-G10_PzIII_AusfJ_training,Pz.Kpfw. III Ausf. J,#1167
germany-G100_Gtraktor_Krupp,Großtraktor - Krupp,#1167
germany-G101_StuG_III,StuG III Ausf. B,#1167
germany-G102_Pz_III,Pz.Kpfw. III Ausf. E,#1167
germany-G102_Pz_III_bootcamp,Pz.Kpfw. III Ausf. E,#1167
germany-G103_RU_251,Spähpanzer Ru 251,#1167
germany-G104_Stug_IV,StuG IV,#1167
germany-G105_T-55_NVA_DDR,T 55A,#1167
germany-G106_PzKpfwPanther_AusfF,"Panther mit 8,8 cm L/71",#1167
germany-G107_PzKpfwIII_AusfK,Pz.Kpfw. III Ausf. K,#1167
germany-G108_PzKpfwII_AusfD,Pz.Kpfw. II Ausf. D,#1167
germany-G109_Steyr_WT,Krupp-Steyr Waffenträger,#1167
germany-G11_Bison_I,Sturmpanzer I Bison,#1167
germany-G110_Typ_205,Mäuschen,#1167
germany-G112_KanonenJagdPanzer,Kanonenjagdpanzer,#1167
germany-G112_KanonenJagdPanzer_105,Kanonenjagdpanzer 105,#1167
germany-G113_SP_I_C,Spähpanzer SP I C,#1167
germany-G114_Rheinmetall_Skorpian,Rheinmetall Skorpion G,#1167
germany-G114_Skorpian,Rheinmetall Skorpion,#1167
germany-G115_Typ_205_4_Jun,VK 100.01 (P) Ausf. B,#1167
germany-G115_Typ_205B,VK 100.01 (P),#1167
germany-G116_Turan_III_prot,Turán III prototípus,#1167
germany-G117_Toldi_III,43 M. Toldi III,#1167
germany-G117_Toldi_III_bootcamp,43 M. Toldi III,#1167
germany-G118_VK4503,VK 45.03,#1167
germany-G119_Panzer58,Panzer 58,#1167
germany-G119_Panzer58_BF,Schwarzpanzer 58,#1167
germany-G119_Panzer58_FL,Panzer 58 FL,#1167
germany-G119_Pz58_Mutz,Panzer 58 Mutz,#1167
germany-G12_Ltraktor,Leichttraktor,#1167
germany-G12_Ltraktor_bot,Leichttraktor,#1167
germany-G120_M41_90,leKpz M 41 90 mm,#1167
germany-G120_M41_90_GrandFinal,leKpz M 41 90 mm GF,#1167
germany-G121_Grille_15_L63,Grille 15,#1167
germany-G122_VK6501H,VK 65.01 (H),#1167
germany-G125_Spz_57_Rh,Rheinmetall Panzerwagen,#1167
germany-G126_HWK_12,HWK 12,#1167
germany-G13_VK3001H,VK 30.01 (H),#1167
germany-G134_PzKpfw_VII,Pz.Kpfw. VII,#1167
germany-G136_Tiger_131,Tiger 131,#1167
germany-G137_PzVI_Tiger_217,Tiger 217,#1167
germany-G138_VK168_02,VK 168.01 (P),#1167
germany-G138_VK168_02_Mauerbrecher,VK 168.01 Mauerbrecher,#1167
germany-G139_MKA,MKA,#1167
germany-G140_HWK_30,HWK 30,#1167
germany-G141_VK7501K,VK 75.01 (K),#1167
germany-G142_M48RPz,M48A2 Räumpanzer,#1167
germany-G143_E75_TS,E 75 TS,#1167
germany-G144_Kpz_50t,Kampfpanzer 50 t,#1167
germany-G147_Kunze_Panzer,Kunze Panzer,#1167
germany-G15_VK3601H,VK 36.01 (H),#1167
germany-G151_Pz_Sfl_IC,Pz.Sfl. IC,#1167
germany-G154_Kpz_07_RH,Kampfpanzer 07 RH,#1167
germany-G158_VK2801_105_SPXXI,"VK 28.01 mit 10,5 cm L/28",#1167
germany-G16_PzVIB_Tiger_II,Tiger II,#1167
germany-G16_PzVIB_Tiger_II_F,Tiger II (H),#1167
germany-G16_PzVIB_Tiger_II_IGR,Tiger II,#1167
germany-G16_PzVIB_Tiger_II_training,Tiger II,#1167
germany-G160_Pz_Kpfw_35_R_mit_T_26_Turm,Pz.Kpfw. 35 R,#1167
germany-G161_Pz_Kpfw_M15_38_t,Pz.Kpfw. M 15,#1167
germany-G17_JagdPzIV,Jagdpanzer IV,#1167
germany-G18_JagdPanther,Jagdpanther,#1167
germany-G19_Wespe,Wespe,#1167
germany-G20_Marder_II,Marder II,#1167
germany-G21_PanzerJager_I,Panzerjäger I,#1167
germany-G21_PanzerJager_I_bootcamp,Panzerjäger I,#1167
germany-G22_Sturmpanzer_II,Sturmpanzer II,#1167
germany-G23_Grille,Grille,#1167
germany-G24_VK3002DB,VK 30.02 (D),#1167
germany-G24_VK3002DB_SH,Walküre,#1167
germany-G25_PzII_Luchs,Pz.Kpfw. II Luchs,#1167
germany-G26_VK1602,VK 16.02 Leopard,#1167
germany-G27_VK3001P,VK 30.01 (P),#1167
germany-G28_PzIII_IV,Pz.Kpfw. III/IV,#1167
germany-G32_PzV_PzIV,Pz.Kpfw. V/IV,#1167
germany-G32_PzV_PzIV_ausf_Alfa,Pz.Kpfw. V/IV Alpha,#1167
germany-G32_PzV_PzIV_ausf_Alfa_CN,Pz. V Berge-Panther Alpha,#1167
germany-G32_PzV_PzIV_CN,Pz.Kpfw. V Berge-Panther,#1167
germany-G33_H39_captured,Pz.Kpfw. 38H 735 (f),#1167
germany-G34_S35_captured,Pz.Kpfw. S35 739 (f),#1167
germany-G35_B-1bis_captured,Pz.Kpfw. B2 740 (f),#1167
germany-G36_PzII_J,Pz.Kpfw. II Ausf. J,#1167
germany-G37_Ferdinand,Ferdinand,#1167
germany-G37_Ferdinand_FL,Ferdinand FL,#1167
germany-G37_Ferdinand_IGR,Ferdinand,#1167
germany-G39_Marder_III,Marder 38T,#1167
germany-G40_Nashorn,Nashorn,#1167
germany-G40_Nashorn_MapsTraining_Dummy_ATSPG_2,Tank Destroyer,#1167
germany-G41_DickerMax,Dicker Max,#1167
germany-G42_Maus,Maus,#1167
germany-G42_Maus_IGR,Maus,#1167
germany-G43_Sturer_Emil,Sturer Emil,#1167
germany-G44_JagdTiger,Jagdtiger,#1167
germany-G44_JagdTiger_FL,Jagdtiger FL,#1167
germany-G44_JagdTigerH,Jagdtiger Prototype,#1167
germany-G45_G_Tiger,G.W. Tiger,#1167
germany-G46_T-25,Pz.Kpfw. T 25,#1167
germany-G48_E-25,E 25,#1167
germany-G48_E-25_IGR,E 25,#1167
germany-G49_G_Panther,G.W. Panther,#1167
germany-G50_T-15,Pz.Kpfw. T 15,#1167
germany-G51_Lowe,Löwe,#1167
germany-G51_Lowe_FL,Löwe FL,#1167
germany-G52_Pz38_NA,Pz.Kpfw. 38 (t) n.A.,#1167
germany-G53_PzI,Pz.Kpfw. I,#1167
germany-G54_E-50,E 50,#1167
germany-G54_E-50_FL,E 50 FL,#1167
germany-G55_E-75,E 75,#1167
germany-G56_E-100,E 100,#1167
germany-G57_PzVI_Tiger_P,Tiger (P),#1167
germany-G58_VK4502P,VK 45.02 (P) Ausf. B,#1167
germany-G58_VK4502P7,VK 45.02 (P) Ausf. B7,#1167
germany-G61_G_E,G.W. E 100,#1167
germany-G63_PzI_ausf_C,Pz.Kpfw. I Ausf. C,#1167
germany-G64_Panther_II,Panther II,#1167
germany-G64_Panther_II_IGR,Panther II,#1167
germany-G65_JagdTiger_SdKfz_185,"8,8 cm Pak 43 Jagdtiger",#1167
germany-G65_JagdTiger_SdKfz_185_IGR,"8,8 cm Pak 43 Jagdtiger",#1167
germany-G66_VK2801,VK 28.01,#1167
germany-G67_VK4502A,VK 45.02 (P) Ausf. A,#1167
germany-G70_PzIV_Hydro,Pz.Kpfw. IV hydrostat.,#1167
germany-G71_JagdPantherII,Jagdpanther II,#1167
germany-G72_JagdPz_E100,Jagdpanzer E 100,#1167
germany-G73_E50_Ausf_M,E 50 Ausf. M,#1167
germany-G76_Pz_Sfl_IVc,Pz.Sfl. IVc,#1167
germany-G77_PzIV_Schmalturm,Pz.Kpfw. IV Schmalturm,#1167
germany-G78_Panther_M10,Panther/M10,#1167
germany-G79_Pz_IV_AusfGH,Pz.Kpfw. IV,#1167
germany-G80_Pz_IV_AusfD,Pz.Kpfw. IV Ausf. D,#1167
germany-G80_Pz_IV_AusfD_bootcamp,Pz.Kpfw. IV Ausf. D,#1167
germany-G81_Pz_IV_AusfH,Pz.Kpfw. IV Ausf. H,#1167
germany-G81_Pz_IV_AusfH_GuP,Pz.Kpfw. IV Ausf. H Ankou,#1167
germany-G82_Pz_II_AusfG,Pz.Kpfw. II Ausf. G,#1167
germany-G83_Pz_IV_AusfA,Pz.Kpfw. IV Ausf. A,#1167
germany-G85_Auf_Panther,Aufklärungspanzer Panther,#1167
germany-G85_Aufklarungspanzer_V,Aufklärungspanzer V,#1167
germany-G86_VK2001DB,VK 20.01 (D),#1167
germany-G87_VK3002DB_V1,VK 30.01 (D),#1167
germany-G88_Indien_Panzer,Indien-Panzer,#1167
germany-G89_Leopard1,Leopard 1,#1167
germany-G89_Leopard1_bob,Leopard 1 BB,#1167
germany-G90_DW_II,Durchbruchswagen 2,#1167
germany-G90_DW_II_MapsTraining_Dummy_HT_1,Heavy Tank,#1167
germany-G91_Pro_Ag_A,Leopard Prototyp A,#1167
germany-G92_VK7201,VK 72.01 (K),#1167
germany-G93_GW_Mk_VIe,G.Pz. Mk. VI (e),#1167
germany-G94_GW_Tiger_P,G.W. Tiger (P),#1167
germany-G95_Pz_Sfl_IVb,Pz.Sfl. IVb,#1167
germany-G96_VK3002M,VK 30.02 (M),#1167
germany-G97_Waffentrager_IV,Waffenträger auf Pz. IV,#1167
germany-G98_Waffentrager_E100,Waffenträger auf E 100,#1167
germany-G98_Waffentrager_E100_P,Waffenträger auf E 100 (P) Mod,#1167
germany-G98_Waffentrager_E100_WO,WT 12,#1167
germany-G99_RhB_Waffentrager,Rhm.-Borsig Waffenträger,#1167
italy-It03_M15_42,M15/42,#1167
italy-It04_Fiat_3000,Fiat 3000,#1167
italy-It05_Carro_L6_40,L6/40,#1167
italy-It06_M14_41,M14/41,#1167
italy-It07_P26_40,P26/40,#1167
italy-It08_Progetto_M40_mod_65,Progetto M40 mod. 65,#1167
italy-It08_Progetto_M40_mod_65_bob,Progetto M40 mod. 65 BB,#1167
italy-It09_P43_ter,P.43 ter,#1167
italy-It10_P43_bis,P.43 bis,#1167
italy-It11_P43,P.43,#1167
italy-It12_Prototipo_Standard_B,Prototipo Standard B,#1167
italy-It13_Progetto_M35_mod_46,Progetto M35 mod. 46,#1167
italy-It14_P44_Pantera,P.44 Pantera,#1167
italy-It15_Rinoceronte,Rinoceronte,#1167
italy-It16_Carro_d_assalto_P88,Carro d'assalto P.88,#1167
italy-It17_Progetto_CC55_mod_54,Progetto CC55 mod. 54,#1167
italy-It18_Progetto_C45_mod_71,Bisonte C45,#1167
italy-It19_Progetto_C50_mod_66,Progetto C50 mod. 66,#1167
italy-It20_Carro_Combattimento_45t,Carro da Combattimento 45 t,#1167
japan-J01_NC27,Renault Otsu,#1167
japan-J01_NC27_bot,Renault Otsu,#1167
japan-J02_Te_Ke,Type 97 Te-Ke,#1167
japan-J03_Ha_Go,Type 95 Ha-Go,#1167
japan-J04_Ke_Ni,Type 98 Ke-Ni,#1167
japan-J04_Ke_Ni_bootcamp,Type 98 Ke-Ni,#1167
japan-J05_Ke_Ni_B,Type 98 Ke-Ni Otsu,#1167
japan-J06_Ke_Ho,Type 5 Ke-Ho,#1167
japan-J07_Chi_Ha,Type 97 Chi-Ha,#1167
japan-J08_Chi_Nu,Type 3 Chi-Nu,#1167
japan-J09_Chi_He,Type 1 Chi-He,#1167
japan-J10_Chi_To,Type 4 Chi-To,#1167
japan-J11_Chi_Ri,Type 5 Chi-Ri,#1167
japan-J11_Chi_Ri_IGR,Type 5 Chi-Ri,#1167
japan-J12_Chi_Nu_Kai,Type 3 Chi-Nu Kai,#1167
japan-J13_STA_1,STA-1,#1167
japan-J13_STA_1_IGR,STA-1,#1167
japan-J14_Type_61,Type 61,#1167
japan-J15_Chi_Ni,Chi-Ni,#1167
japan-J16_ST_B1,STB-1,#1167
japan-J16_ST_B1_IGR,STB-1,#1167
japan-J18_STA_2_3,STA-2,#1167
japan-J19_Tiger_I_Jpn,Heavy Tank No. VI,#1167
japan-J20_Type_2605,Type 5 Heavy,#1167
japan-J21_Type_91,Type 91 Heavy,#1167
japan-J22_Type_95,Type 95 Heavy,#1167
japan-J22_Type_95_bootcamp,Type 95 Heavy,#1167
japan-J23_Mi_To,O-I Experimental,#1167
japan-J24_Mi_To_130_tons,O-I,#1167
japan-J25_Type_4,Type 4 Heavy,#1167
japan-J26_Type_89,Type 89 I-Go/Chi-Ro,#1167
japan-J27_O_I_120,O-Ho,#1167
japan-J28_O_I_100,O-Ni,#1167
japan-J29_Nameless,Nameless,#1167
japan-J30_Edelweiss,Edelweiss,#1167
poland-Pl01_TKS_20mm,TKS z n.k.m. 20 mm,#1167
poland-Pl03_PzV_Poland,Pudel,#1167
poland-Pl05_50TP_Tyszkiewicza,50TP Tyszkiewicza,#1167
poland-Pl06_10TP,10TP,#1167
poland-Pl07_14TP,14TP,#1167
poland-Pl08_50TP_prototyp,50TP prototyp,#1167
poland-Pl09_7TP,7TP,#1167
poland-Pl10_40TP_Habicha,40TP Habicha,#1167
poland-Pl11_45TP_Habicha,45TP Habicha,#1167
poland-Pl12_25TP_KSUST_II,25TP KSUST II,#1167
poland-Pl13_53TP_Markowskiego,53TP Markowskiego,#1167
poland-Pl14_4TP,4TP,#1167
poland-Pl15_60TP_Lewandowskiego,60TP Lewandowskiego,#1167
poland-Pl16_T34_85_Rudy,T-34-85 Rudy,#1167
poland-Pl17_DS_PZlnz,DS PZInż,#1167
poland-Pl18_BUGI,B.U.G.I.,#1167
poland-Pl19_CS_52_LIS,CS-52 LIS,#1167
poland-Pl20_CS_44,CS-44,#1167
poland-Pl21_CS_63,CS-63,#1167
poland-Pl22_CS_59,CS-59,#1167
poland-Pl23_CS_53,CS-53,#1167
sweden-S01_Strv_74_A2,Strv m/42-57 Alt A.2,#1167
sweden-S02_Strv_M42,Strv m/42,#1167
sweden-S03_Strv_M38,Strv m/38,#1167
sweden-S04_Lago_I,Lago,#1167
sweden-S05_Strv_M21_29,Strv fm/21,#1167
sweden-S06_Ikv_90_Typ_B_Bofors,Ikv 90 Typ B,#1167
sweden-S07_Strv_74,Strv 74,#1167
sweden-S08_Ikv_65_Alt_2,Ikv 65 Alt II,#1167
sweden-S09_L_120_TD,Pvlvv fm/42,#1167
sweden-S10_Strv_103_0_Series,Strv 103-0,#1167
sweden-S10_Strv_103_0_Series_FL,Strv 103-0 FL,#1167
sweden-S11_Strv_103B,Strv 103B,#1167
sweden-S12_Strv_M40,Strv m/40L,#1167
sweden-S13_Leo,Leo,#1167
sweden-S14_Ikv_103,Ikv 103,#1167
sweden-S15_L_60,L-60,#1167
sweden-S16_Kranvagn,Kranvagn,#1167
sweden-S16_Kranvagn_bob,Kranvagn BB,#1167
sweden-S17_EMIL_1952_E2,Emil II,#1167
sweden-S18_EMIL_1951_E1,Emil I,#1167
sweden-S19_Sav_M43,Sav m/43,#1167
sweden-S20_Ikv_72,Ikv 72,#1167
sweden-S21_UDES_03,UDES 03,#1167
sweden-S22_Strv_S1,Strv S1,#1167
sweden-S22_Strv_S1_FL,Strv S1 FL,#1167
sweden-S23_Strv_81,Strv 81,#1167
sweden-S23_Strv_81_sabaton,Primo Victoria,#1167
sweden-S25_EMIL_51,EMIL 1951,#1167
sweden-S26_Lansen_C,Lansen C,#1167
sweden-S27_UDES_16,UDES 16,#1167
sweden-S28_UDES_15_16,UDES 15/16,#1167
sweden-S29_UDES_14_5,UDES 14 Alt 5,#1167
sweden-S30_UDES_03_Alt_3,UDES 03 Alt 3,#1167
sweden-S31_Strv_K,Strv K,#1167
sweden-S32_Bofors_Tornvagn,Bofors Tornvagn,#1167
uk-GB01_Medium_Mark_I,Vickers Medium Mk. I,#1167
uk-GB01_Medium_Mark_I_bot,Vickers Medium Mk. I,#1167
uk-GB03_Cruiser_Mk_I,Cruiser Mk. I,#1167
uk-GB04_Valentine,Valentine,#1167
uk-GB05_Vickers_Medium_Mk_II,Vickers Medium Mk. II,#1167
uk-GB05_Vickers_Medium_Mk_II_bot,Vickers Medium Mk. II,#1167
uk-GB06_Vickers_Medium_Mk_III,Vickers Medium Mk. III,#1167
uk-GB07_Matilda,Matilda,#1167
uk-GB08_Churchill_I,Churchill I,#1167
uk-GB08_Churchill_I_IGR,Churchill I,#1167
uk-GB09_Churchill_VII,Churchill VII,#1167
uk-GB10_Black_Prince,Black Prince,#1167
uk-GB100_Manticore,Manticore,#1167
uk-GB101_FV1066_Senlac,FV1066 Senlac,#1167
uk-GB102_LHMTV,LHMTV,#1167
uk-GB103_GSOR3301_AVR_FS,GSOR3301 AVR FS,#1167
uk-GB104_GSR_3301_Setter,GSR 3301 Setter,#1167
uk-GB105_Black_Prince_2019,A43 BP prototype,#1167
uk-GB106_Cobra,Cobra,#1167
uk-GB107_Cavalier,Cavalier,#1167
uk-GB107_Cavalier_SH,Harbinger Mk. IV,#1167
uk-GB108_A46,A46,#1167
uk-GB109_GSOR_1008,GSOR 1008,#1167
uk-GB11_Caernarvon,Caernarvon,#1167
uk-GB11_Caernarvon_IGR,Caernarvon,#1167
uk-GB111_Charlemagne,Charlemagne,#1167
uk-GB112_Caliban,Caliban,#1167
uk-GB113_Matilda_LVT,Matilda LVT,#1167
uk-GB12_Conqueror,Conqueror,#1167
uk-GB12_Conqueror_FL,Conqueror FL,#1167
uk-GB13_FV215b,FV215b,#1167
uk-GB13_FV215b_IGR,FV215b,#1167
uk-GB14_M2,M2,#1167
uk-GB15_Stuart_I,Stuart I-IV,#1167
uk-GB17_Grant_I,Grant,#1167
uk-GB19_Sherman_Firefly,Sherman Firefly,#1167
uk-GB19_Sherman_Firefly_MapsTraining_Dummy_MT_2,Medium Tank,#1167
uk-GB20_Crusader,Crusader,#1167
uk-GB21_Cromwell,Cromwell,#1167
uk-GB21_Cromwell_IGR,Cromwell,#1167
uk-GB22_Comet,Comet,#1167
uk-GB23_Centurion,Centurion Mk. I,#1167
uk-GB23_Centurion_IGR,Centurion Mk. I,#1167
uk-GB24_Centurion_Mk3,Centurion Mk. 7/1,#1167
uk-GB25_Loyd_Gun_Carriage,Loyd Gun Carriage,#1167
uk-GB26_Birch_Gun,Birch Gun,#1167
uk-GB27_Sexton,Sexton II,#1167
uk-GB28_Bishop,Bishop,#1167
uk-GB29_Crusader_5inch,Crusader 5.5-in. SP,#1167
uk-GB30_FV3805,FV3805,#1167
uk-GB31_Conqueror_Gun,Conqueror Gun Carriage,#1167
uk-GB32_Tortoise,Tortoise,#1167
uk-GB33_Sentinel_AC_I,AC 1 Sentinel,#1167
uk-GB35_Sentinel_AC_IV,AC 4 Experimental,#1167
uk-GB37_Valliant,Valiant,#1167
uk-GB39_Universal_CarrierQF2,Universal Carrier 2-pdr,#1167
uk-GB40_Gun_Carrier_Churchill,Churchill Gun Carrier,#1167
uk-GB41_Challenger,Challenger,#1167
uk-GB42_Valentine_AT,Valentine AT,#1167
uk-GB44_Archer,Archer,#1167
uk-GB45_Achilles_IIC,Achilles,#1167
uk-GB48_FV215b_183,FV215b (183),#1167
uk-GB50_Sherman_III,Sherman III,#1167
uk-GB51_Excelsior,Excelsior,#1167
uk-GB52_A45,FV201 (A45),#1167
uk-GB57_Alecto,Alecto,#1167
uk-GB58_Cruiser_Mk_III,Cruiser Mk. III,#1167
uk-GB59_Cruiser_Mk_IV,Cruiser Mk. IV,#1167
uk-GB60_Covenanter,Covenanter,#1167
uk-GB63_TOG_II,TOG II*,#1167
uk-GB68_Matilda_Black_Prince,Matilda Black Prince,#1167
uk-GB69_Cruiser_Mk_II,Cruiser Mk. II,#1167
uk-GB70_FV4202_105,FV4202,#1167
uk-GB70_N_FV4202_105,FV4202,#1167
uk-GB70_N_FV4202_105_FL,FV4202 FL,#1167
uk-GB71_AT_15A,AT 15A,#1167
uk-GB72_AT15,AT 15,#1167
uk-GB72_AT15_IGR,AT 15,#1167
uk-GB73_AT2,AT 2,#1167
uk-GB74_AT8,AT 8,#1167
uk-GB75_AT7,AT 7,#1167
uk-GB76_Mk_VIC,Light Mk. VIC,#1167
uk-GB77_FV304,FV304,#1167
uk-GB77_FV304_IGR,FV304,#1167
uk-GB78_Sexton_I,Sexton I,#1167
uk-GB79_FV206,FV207,#1167
uk-GB80_Charioteer,Charioteer,#1167
uk-GB81_FV4004,FV4004 Conway,#1167
uk-GB83_FV4005,FV4005 Stage II,#1167
uk-GB84_Chieftain_Mk6,Chieftain Mk. 6,#1167
uk-GB85_Cromwell_Berlin,Cromwell B,#1167
uk-GB86_Centurion_Action_X,Centurion Action X,#1167
uk-GB87_Chieftain_T95_turret,Chieftain/T95,#1167
uk-GB88_T95_Chieftain_turret,T95/Chieftain,#1167
uk-GB91_Super_Conqueror,Super Conqueror,#1167
uk-GB92_FV217,FV217 Badger,#1167
uk-GB93_Caernarvon_AX,Caernarvon Action X,#1167
uk-GB94_Centurion_Mk5-1_RAAC,Centurion Mk. 5/1 RAAC,#1167
uk-GB95_Ekins_Firefly_M4A4,Sherman VC Firefly,#1167
uk-GB96_Excalibur,Excalibur,#1167
uk-GB97_Chimera,Chimera,#1167
uk-GB98_T95_FV4201_Chieftain,T95/FV4201 Chieftain,#1167
uk-GB99_Turtle_Mk1,Turtle Mk. I,#1167
usa-A01_T1_Cunningham,T1 Cunningham,#1167
usa-A01_T1_Cunningham_bot,T1 Cunningham,#1167
usa-A02_M2_lt,M2 Light Tank,#1167
usa-A03_M3_Stuart,M3 Stuart,#1167
usa-A03_M3_Stuart_bootcamp,M3 Stuart,#1167
usa-A04_M3_Grant,M3 Lee,#1167
usa-A05_M4_Sherman,M4A1 Sherman,#1167
usa-A05_M4_Sherman_IGR,M4A1 Sherman,#1167
usa-A06_M4A3E8_Sherman,M4A3E8 Sherman,#1167
usa-A06_M4A3E8_Sherman_training,M4A3E8 Sherman,#1167
usa-A07_T20,T20,#1167
usa-A08_T23,T23,#1167
usa-A09_T1_hvy,T1 Heavy Tank,#1167
usa-A10_M6,M6,#1167
usa-A100_T49,T49,#1167
usa-A101_M56,M56 Scorpion,#1167
usa-A102_T28_concept,T28 Concept,#1167
usa-A103_T71E1,T71 DA,#1167
usa-A103_T71E1_IGR,T71,#1167
usa-A104_M4A3E8A,M4A3E8 Fury,#1167
usa-A106_M48A2_120,M48A2/T54E2/T123E6,#1167
usa-A107_T1_HMC,T1 HMC,#1167
usa-A108_T18_HMC,T18 HMC,#1167
usa-A109_T56_GMC,T56 GMC,#1167
usa-A11_T29,T29,#1167
usa-A11_T29_IGR,T29,#1167
usa-A111_T25_Pilot,T25 Pilot Number 1,#1167
usa-A112_T71E2,T71 CMCD P,#1167
usa-A112_T71E2R,T71 CMCD,#1167
usa-A115_Chrysler_K,Chrysler K,#1167
usa-A115_Chrysler_K_GF,Chrysler K GF,#1167
usa-A116_XM551,XM551 Sheridan,#1167
usa-A117_T26E5,T26E5,#1167
usa-A117_T26E5_FL,T26E5 FL,#1167
usa-A117_T26E5_Patriot,T26E5 Patriot,#1167
usa-A118_M4_Thunderbolt,M4A3E8 Thunderbolt VII,#1167
usa-A12_T32,T32,#1167
usa-A12_T32_FL,T32 FL,#1167
usa-A120_M48A5,M48A5 Patton,#1167
usa-A120_M48A5_IGR,M48A5 Patton,#1167
usa-A121_M26_Cologne,T26E3 Eagle 7,#1167
usa-A122_TS-5,TS-5,#1167
usa-A123_T78,T78,#1167
usa-A124_T54E2,M54 Renegade,#1167
usa-A125_AEP_1,AE Phase I,#1167
usa-A126_PzVI_Tiger_II_capt,King Tiger (Captured),#1167
usa-A127_TL_1_LPC,TL-1 LPC,#1167
usa-A128_concept_1b,Concept 1B,#1167
usa-A129_T6_medium,T6 Medium,#1167
usa-A129_T6_medium_MapsTraining_Dummy_MT_1,Medium Tank,#1167
usa-A13_T34_hvy,T34,#1167
usa-A13_T34_hvy_BF,T34 B,#1167
usa-A13_T34_hvy_FL,T34 FL,#1167
usa-A13_T34_hvy_IGR,T34,#1167
usa-A130_Super_Hellcat,Super Hellcat,#1167
usa-A132_T77,T77,#1167
usa-A134_M24E2_SuperChaffee,M24E2 Super Chaffee,#1167
usa-A136_T42,T42,#1167
usa-A139_M_III_Y,M-III-Y,#1167
usa-A14_T30,T30,#1167
usa-A14_T30_FL,T30 FL,#1167
usa-A140_ASTRON_REX_105mm,ASTRON Rex 105 mm,#1167
usa-A141_M_IV_Y,M-IV-Y,#1167
usa-A142_Pawlack_Tank,Pawlack Tank,#1167
usa-A143_M_V_Y,M-V-Y,#1167
usa-A144_M_VI_Y,M-VI-Y,#1167
usa-A147_M_II_Y,M-II-Y,#1167
usa-A148_Convertible_Medium_Tank_T3,Convert. Medium Tank T3,#1167
usa-A149_AMBT,AMBT,#1167
usa-A15_T57,T57,#1167
usa-A16_M7_Priest,M7 Priest,#1167
usa-A17_M37,M37,#1167
usa-A18_M41,M41 HMC,#1167
usa-A19_T2_lt,T2 Light Tank,#1167
usa-A21_T14,T14,#1167
usa-A21_T14_MapsTraining_Player_HT_1,T14 (tr.),#1167
usa-A22_M5_Stuart,M5 Stuart,#1167
usa-A22_M5_Stuart_bootcamp,M5 Stuart,#1167
usa-A23_M7_med,M7,#1167
usa-A24_T2_med,T2 Medium Tank,#1167
usa-A24_T2_med_bot,T2 Medium Tank,#1167
usa-A25_M2_med,M2 Medium Tank,#1167
usa-A25_M2_med_bootcamp,M2 Medium Tank,#1167
usa-A26_T18,T18,#1167
usa-A27_T82,T82 HMC,#1167
usa-A29_T40,T40,#1167
usa-A30_M10_Wolverine,M10 Wolverine,#1167
usa-A31_M36_Slagger,M36 Jackson,#1167
usa-A32_M12,M12,#1167
usa-A33_MTLS-1G14,MTLS-1G14,#1167
usa-A34_M24_Chaffee,M24 Chaffee,#1167
usa-A35_Pershing,M26 Pershing,#1167
usa-A35_Pershing_IGR,M26 Pershing,#1167
usa-A36_Sherman_Jumbo,M4A3E2 Sherman Jumbo,#1167
usa-A36_Sherman_Jumbo_bootcamp,M4A3E2 Sherman Jumbo,#1167
usa-A36_Sherman_Jumbo_IGR,M4A3E2 Sherman Jumbo,#1167
usa-A37_M40M43,M40/M43,#1167
usa-A38_T92,T92 HMC,#1167
usa-A39_T28,T28,#1167
usa-A40_T95,T95,#1167
usa-A41_M18_Hellcat,M18 Hellcat,#1167
usa-A43_M22_Locust,M22 Locust,#1167
usa-A44_M4A2E4,M4A2E4 Sherman,#1167
usa-A45_M6A2E1,M6A2E1,#1167
usa-A46_T3,T3 HMC,#1167
usa-A57_M8A1,M8A1,#1167
usa-A58_T67,T67,#1167
usa-A58_T67_IGR,T67,#1167
usa-A62_Ram-II,Ram II,#1167
usa-A63_M46_Patton,M46 Patton,#1167
usa-A63_M46_Patton_FL,M46 Patton FL,#1167
usa-A63_M46_Patton_KR,M46 Patton KR,#1167
usa-A64_T25_AT,T25 AT,#1167
usa-A66_M103,M103,#1167
usa-A67_T57_58,T57 Heavy Tank,#1167
usa-A68_T28_Prototype,T28 Prototype,#1167
usa-A69_T110E5,T110E5,#1167
usa-A69_T110E5_bob,T110E5 BB,#1167
usa-A69_T110E5_cl,T110E5 CL,#1167
usa-A71_T21,T21,#1167
usa-A71_T21_MapsTraining_Dummy_LT_2,Light Tank,#1167
usa-A72_T25_2,T25/2,#1167
usa-A72_T25_2_SH,Raven,#1167
usa-A74_T1_E6,T1E6,#1167
usa-A78_M4_Improved,M4 Improved,#1167
usa-A80_T26_E4_SuperPershing,T26E4 SuperPershing,#1167
usa-A80_T26_E4_SuperPershing_FL,T26E4 SuperPershing FL,#1167
usa-A81_T95_E2,T95E2,#1167
usa-A83_T110E4,T110E4,#1167
usa-A85_T110E3,T110E3,#1167
usa-A86_T23E3,T23E3,#1167
usa-A87_M44,M44,#1167
usa-A88_M53_55,M53/M55,#1167
usa-A89_T54E1,T54E1,#1167
usa-A90_T69,T69,#1167
usa-A90_T69_IGR,T69,#1167
usa-A92_M60,M60,#1167
usa-A93_T7_Combat_Car,T7 Combat Car,#1167
usa-A94_T37,T37,#1167
usa-A95_T95_E6,T95E6,#1167
usa-A97_M41_Bulldog,M41 Walker Bulldog,#1167
usa-A99_T92_LT,T92,#1167
ussr-Observer,Spectator,#1167
ussr-R01_IS,IS,#1167
ussr-R02_SU-85,SU-85,#1167
ussr-R03_BT-7,BT-7,#1167
ussr-R03_BT-7_bootcamp,BT-7,#1167
ussr-R04_T-34,T-34,#1167
ussr-R04_T-34_MapsTraining_Player_MT_1,T-34 (tr.),#1167
ussr-R05_KV,KV,#1167
ussr-R06_T-28,T-28,#1167
ussr-R06_T-28_bootcamp,T-28,#1167
ussr-R07_T-34-85,T-34-85,#1167
ussr-R07_T-34-85_bootcamp,T-34-85,#1167
ussr-R07_T-34-85_training,T-34-85,#1167
ussr-R08_BT-2,BT-2,#1167
ussr-R08_BT-2_bootcamp,BT-2,#1167
ussr-R09_T-26,T-26,#1167
ussr-R09_T-26_bot,T-26,#1167
ussr-R10_AT-1,AT-1,#1167
ussr-R100_SU122A,SU-122A,#1167
ussr-R101_MT25,MT-25,#1167
ussr-R104_Object_430_II,Object 430 Version II,#1167
ussr-R105_BT_7A,BT-7 artillery,#1167
ussr-R106_KV85,KV-85,#1167
ussr-R106_KV85_IGR,KV-85,#1167
ussr-R107_LTB,LTTB,#1167
ussr-R108_T34_85M,T-34-85M,#1167
ussr-R109_T54S,T-54 ltwt.,#1167
ussr-R11_MS-1,MS-1,#1167
ussr-R11_MS-1_bot,MS-1,#1167
ussr-R110_Object_260,Object 260,#1167
ussr-R111_ISU130,ISU-130,#1167
ussr-R112_T54_45,T-54 first prototype,#1167
ussr-R112_T54_45_FL,T-54 first prototype FL,#1167
ussr-R113_Object_730,IS-5 (Object 730),#1167
ussr-R114_Object_244,Object 244,#1167
ussr-R115_IS-3_auto,IS-3A,#1167
ussr-R115_IS-3_auto_test,IS-3A (T),#1167
ussr-R116_ISU122C_Berlin,ISU-122S,#1167
ussr-R117_T34_85_Rudy,T-34-85 Rudy,#1167
ussr-R118_T28_F30,T-28E with F-30,#1167
ussr-R119_Object_777,Object 777 Version II,#1167
ussr-R119_Object_777C,Object 777 Dynamic,#1167
ussr-R12_A-20,A-20,#1167
ussr-R120_T22SR_A22,T-22 medium,#1167
ussr-R121_KV4_KTT,KV-4 KTTS,#1167
ussr-R122_T44_100,T-44-100,#1167
ussr-R122_T44_100B,T-44-100 (B),#1167
ussr-R123_Kirovets_1,Kirovets-1,#1167
ussr-R125_T_45,T-45,#1167
ussr-R126_Object_730_5,Object 268 Version V,#1167
ussr-R127_T44_100_I,T-44-100 Igrovoy,#1167
ussr-R127_T44_100_K,T-44-100 (K),#1167
ussr-R127_T44_100_M,T-44-100 (M),#1167
ussr-R127_T44_100_P,T-44-100 (R),#1167
ussr-R127_T44_100_U,T-44-100 (U),#1167
ussr-R128_KV4_Kreslavskiy,KV-4 Kreslavskiy,#1167
ussr-R129_Object_257,Object 257 (PA),#1167
ussr-R13_KV-1s,KV-1S,#1167
ussr-R131_Tank_Gavalov,LTG,#1167
ussr-R132_VNII_100LT,T-100 LT,#1167
ussr-R133_KV_122,KV-122,#1167
ussr-R134_Object_252K,Object 252U Defender,#1167
ussr-R134_Object_252U,Object 252U,#1167
ussr-R135_T_103,T-103,#1167
ussr-R139_IS_M,IS-M,#1167
ussr-R14_SU-5,SU-5,#1167
ussr-R14_SU-5_MapsTraining_Dummy_SPG_1,SPG,#1167
ussr-R140_M4_Loza,Loza's M4-A2 Sherman,#1167
ussr-R143_T_29,T-29,#1167
ussr-R144_K_91,K-91,#1167
ussr-R145_Object_705_A,Object 705A,#1167
ussr-R146_STG,STG,#1167
ussr-R146_STG_Tday,STG Guard,#1167
ussr-R148_Object_430_U,Object 430U,#1167
ussr-R149_Object_268_4,Object 268 Version 4,#1167
ussr-R15_S-51,S-51,#1167
ussr-R151_Object_257_2,Object 257,#1167
ussr-R152_KV2_W,KV-2 (R),#1167
ussr-R153_Object_705,Object 705,#1167
ussr-R154_T_34E_1943,T-34 shielded,#1167
ussr-R155_Object_277,Object 277,#1167
ussr-R155_Object_277_bob,Object 277 BB,#1167
ussr-R156_IS_2M,IS-2M,#1167
ussr-R157_Object_279R,Object 279 early,#1167
ussr-R158_LT_432,LT-432,#1167
ussr-R159_SU_130PM,SU-130PM,#1167
ussr-R16_SU-18,SU-18,#1167
ussr-R160_T_50_2,T-50-2,#1167
ussr-R161_T_116,T-116,#1167
ussr-R165_Object_703_II,Object 703 Version II,#1167
ussr-R165_Object_703_II_2,Object 703–II (100),#1167
ussr-R169_ST_II,ST-II,#1167
ussr-R17_SU-100,SU-100,#1167
ussr-R170_IS_2_II,IS-2-II,#1167
ussr-R171_IS_3_II,IS-3-II,#1167
ussr-R172_Object_752,Object 752,#1167
ussr-R173_K_91_2,K-91 Version II,#1167
ussr-R174_BT-5,BT-5,#1167
ussr-R175_IS_2_screen,IS-2 shielded,#1167
ussr-R177_ISU_152K_BL10,ISU-152K,#1167
ussr-R178_Object_780,Object 780,#1167
ussr-R18_SU-152,SU-152,#1167
ussr-R18_SU-152_IGR,SU-152,#1167
ussr-R180_Object_274_A,Object 274a,#1167
ussr-R183_K_91_PT,K-91-PT,#1167
ussr-R185_T_34_L_11_1941,T-34 with L-11,#1167
ussr-R186_KV_1_Screened,KV-1 shielded,#1167
ussr-R187_Object_590,Object 590,#1167
ussr-R19_IS-3,IS-3,#1167
ussr-R19_IS-3_IGR,IS-3,#1167
ussr-R192_K_2,K-2,#1167
ussr-R193_M4A2_T_34,M4-85,#1167
ussr-R195_T34M_54,T-34M-54,#1167
ussr-R20_T-44,T-44,#1167
ussr-R20_T-44_FL,T-44 FL,#1167
ussr-R20_T-44_IGR,T-44,#1167
ussr-R22_T-46,T-46,#1167
ussr-R22_T-46_bootcamp,T-46,#1167
ussr-R23_T-43,T-43,#1167
ussr-R23_T-43_MapsTraining_Player_MT_2,T-43 (tr.),#1167
ussr-R24_SU-76,SU-76M,#1167
ussr-R25_GAZ-74b,SU-85B,#1167
ussr-R26_SU-8,SU-8,#1167
ussr-R27_SU-14,SU-14-2,#1167
ussr-R31_Valentine_LL,Valentine II,#1167
ussr-R31_Valentine_LL_IGR,Valentine II,#1167
ussr-R32_Matilda_II_LL,Matilda IV,#1167
ussr-R33_Churchill_LL,Churchill III,#1167
ussr-R34_BT-SV,BT-SV,#1167
ussr-R38_KV-220,KV-220-2,#1167
ussr-R38_KV-220_beta,KV-220-2 Beta Test,#1167
ussr-R39_KV-3,KV-3,#1167
ussr-R40_T-54,T-54,#1167
ussr-R40_T-54_FL,T-54 FL,#1167
ussr-R41_T-50,T-50,#1167
ussr-R42_T-60,T-60,#1167
ussr-R43_T-70,T-70,#1167
ussr-R43_T-70_bootcamp,T-70,#1167
ussr-R44_T80,T-80,#1167
ussr-R44_T80_MapsTraining_Dummy_LT_1,Light Tank,#1167
ussr-R45_IS-7,IS-7,#1167
ussr-R45_IS-7_fallout,(R) IS-7,#1167
ussr-R45_IS-7_IGR,IS-7,#1167
ussr-R46_KV-13,KV-13,#1167
ussr-R46_KV-13_SH,Varyag,#1167
ussr-R47_ISU-152,ISU-152,#1167
ussr-R47_ISU-152_IGR,ISU-152,#1167
ussr-R49_SU100Y,SU-100Y,#1167
ussr-R50_SU76I,SU-76I,#1167
ussr-R50_SU76I_bootcamp,SU-76I,#1167
ussr-R51_Object_212,212A,#1167
ussr-R52_Object_261,Object 261,#1167
ussr-R53_Object_704,Object 704,#1167
ussr-R54_KV-5,KV-5,#1167
ussr-R54_KV-5_IGR,KV-5,#1167
ussr-R56_T-127,T-127,#1167
ussr-R57_A43,A-43,#1167
ussr-R58_SU-101,SU-101,#1167
ussr-R59_A44,A-44,#1167
ussr-R60_Object416,Object 416,#1167
ussr-R61_Object252,IS-6,#1167
ussr-R61_Object252_BF,IS-6 B,#1167
ussr-R61_Object252_FL,IS-6 FL,#1167
ussr-R63_ST_I,ST-I,#1167
ussr-R66_SU-26,SU-26,#1167
ussr-R67_M3_LL,M3 Light,#1167
ussr-R68_A-32,A-32,#1167
ussr-R70_T_50_2,T-50-2,#1167
ussr-R71_IS_2B,IS-2,#1167
ussr-R72_T150,T-150,#1167
ussr-R72_T150_MapsTraining_Dummy_HT_2,Heavy Tank,#1167
ussr-R73_KV4,KV-4,#1167
ussr-R74_SU100M1,SU-100M1,#1167
ussr-R75_SU122_54,SU-122-54,#1167
ussr-R77_KV2,KV-2,#1167
ussr-R77_KV2_IGR,KV-2,#1167
ussr-R78_SU_85I,SU-85I,#1167
ussr-R80_KV1,KV-1,#1167
ussr-R81_IS8,T-10,#1167
ussr-R84_Tetrarch_LL,Tetrarch,#1167
ussr-R86_LTP,LTP,#1167
ussr-R86_LTP_bootcamp,LTP,#1167
ussr-R87_T62A,T-62A,#1167
ussr-R87_T62A_fallout,(R) T-62A,#1167
ussr-R88_Object268,Object 268,#1167
ussr-R89_SU122_44,SU-122-44,#1167
ussr-R90_IS_4M,IS-4,#1167
ussr-R91_SU14_1,SU-14-1,#1167
ussr-R93_Object263,Object 263,#1167
ussr-R93_Object263B,Object 263B,#1167
ussr-R95_Object_907,Object 907,#1167
ussr-R95_Object_907A,Object 907A,#1167
ussr-R96_Object_430,Object 430,#1167
ussr-R96_Object_430B,Object 430B,#1167
ussr-R97_Object_140,Object 140,#1167
ussr-R97_Object_140_cl,Object 140 CL,#1167
ussr-R98_T44_85,T-44-85,#1167
ussr-R98_T44_85M,T-44 lightweight,#1167
ussr-R99_T44_122,T-44-122,#1167
